시설물명칭,구간_시작지점,구간_경유지점,구간_종착지점,탐방로길이,소요시간_상행,소요시간_하행
의정부시도봉구경계~강북도봉구경계                                                   ,의정부시도봉구경계,,"강북,도봉구경계",5560,0,0
송추IC~오봉탐방지원센터                                                             ,송추IC,,송추입구,1100,0,0
원각사입구~의정부시청뒤                                                             ,원각사입구,,의정부시청뒤(안골),4300,0,0
시청IC~원도봉입구                                                                   ,시청IC,,원도봉입구,3800,0,0
거북골~보문능선~도봉주능선                                                          ,거북골,보문능선,도봉주능선,900,0,0
성불사입구~천진사                                                                   ,성불사입구,,천진사,100,0,0
오봉샘~오봉능선                                                                     ,오봉샘,,오봉능선,400,0,0
도봉서원~산정약수터                                                                 ,도봉서원,,산정약수터,200,0,0
17. 영원사~삼불사~약수암                                                            ,영원사,,약수암,5700,0,0
2. 의신마을~세석평전                                                                ,의신마을,,세석평전,8800,360,300
18. 도마마을~삼불사                                                                 ,도마마을,,삼불사,1500,0,0
19. 백무동~두지동                                                                   ,백무동,,두지동,2700,0,0
20. 대원교~숯가마터                                                                 ,대원교,,숯가마터,1000,0,0
21. 중산리탐방안내소~자연관찰로                                                     ,중산리탐방안내소,,자연관찰로,1500,40,40
22. 삼성궁입구~상불재                                                               ,삼성궁입구,,상불재,1800,90,60
23. 신흥~의신옛길                                                                   ,신흥,,의신옛길,3700,0,0
25.연하천삼거리~삼각고지                                                            ,연하천삼거리,,삼각고지,2500,90,70
우이도탐방로                                                                        ,상산봉,,대초리,0.7,20,0
영산도탐방로                                                                        ,당산,천박재,작은재,3,60,30
관매도탐방로                                                                        ,샛배,,돈대봉,2.1,40,30
관매도탐방로                                                                        ,관호마을,,벼락바위,3.6,60,40
관매도선착장                                                                        ,관매선착장,,하늘다리,2.5,45,30
하조도탐방로                                                                        ,하조도등대,신금산,읍구,5.1,90,60
하조도탐방로                                                                        ,산행,돈대봉,읍구,2.3,45,30
천황사지구~도갑사                                                                   ,천황사지구,,도갑사,8600,150,120
구정봉~용암사지~홍계골                                                              ,구정봉,용암사지(마애불),홍계골,3500,90,60
죽정~월대암                                                                         ,죽정,,월대암,600,50,30
하치마을~누릿재~사자저수지                                                          ,하치마을,누릿재,사자저수지,1600,60,0
관매도탐방로                                                                        ,관매습지,독립문바위,방아섬,2.8,45,25
1.진두~덮을개(한산도망산)                                                           ,진두,망산,덮을개,7200,210,140
3.해금강~우제봉~석개해변(거제)                                                      ,해금강,우제봉,석개해변,1500,45,30
4.야소~망산(한산도 망산)                                                            ,야소,,망산,2800,80,50
5.소매물도~매물등대(소매물도)                                                       ,소매물도,,매물등대,1500,45,30
7.선착장~해안선전망대(지심도)                                                       ,지심도선착장,,해안선전망대,1800,54,30
8.당금마을~대항마을(매물도)                                                         ,당금마을,장군봉,대항마을,5200,155,103
9.제승당~염호리(한산도망산)                                                         ,제승당선착장,,염호리776번지,540,24,16
10.구조라선착장~구조라마을(거제)                                                    ,구조라선착장,,구조라마을,2000,60,50
11.수정봉~구조라성(거제)                                                            ,수정봉,,구조라성,220,10,10
16.저구삼거리~망산~명사(거제)                                                       ,저구삼거리,내봉산 망산,명사,5800,174,115
학암포 자연관찰로                                                                   ,학암포 주차장 화장실 맞은편,"학암포 A,B 습지",학암포 B 해변,700,30,30
구천동자연관찰로                                                                    ,덕유산응급구조대사무실,,인월담,1200,20,20
구기 자연관찰로                                                                     ,구기분소,,구기분소~대남문 구간 2.2km,2.2,40,30
내소사자연관찰로                                                                    ,내소사 일주문,전나무숲,내소사 사천왕문,0.6,15,15
하늘재~부봉~마패봉삼거리                                                            ,하늘재,부봉,마폐봉삼거리,8500,300,250
금수산삼거리~상학마을                                                               ,금수산삼거리,,상학마을,0.995,80,50
관매도탐방로                                                                        ,관호마을,,하늘다리,2.5,45,30
흑산도 탐방로                                                                       ,샘골,어울림,마리재,4.7,90,40
관매도 탐방로                                                                       ,장산편마을,독립문바위,방아섬,2.8,50,30
상조도 탐방로                                                                       ,도리산,,도리산전망대,0.2,20,0
관매도 탐방로                                                                       ,관호,,방아섬,4.2,120,60
홍도 자연관찰로                                                                     ,탐방로입구,,당집,0.085,10,0
홍도 자연관찰로                                                                     ,탐방로입구,,당집,0.085,10,0
백운동~만물상~서성재                                                                ,백운동,만물상,서성재,3000,120,90
어의곡자연관찰로                                                                    ,어의곡,,어의곡,0,0,0
어의곡자연관찰로                                                                    ,어의곡,,어의곡,0,0,0
해탈교~상원사(선재길)                                                               ,월정사(해탈교),상원사,상원사,10000,240,240
상원사-내면 명개리                                                                  ,상원사,두로령,내면 명개리,12680,240,240
재백이고개                                                                          ,내소사,관음봉삼거리,재백이고개,2100,90,0
봉래곡                                                                              ,내변산탐방지원센터,실상사,봉래곡삼거리,1400,25,25
가마소                                                                              ,가마소,세봉삼거리,내소사,4200,180,150
탐방로                                                                              ,개암사,,우금암,0.7,40,40
바드재                                                                              ,바드재,옥녀봉,용각봉삼거리,1.9,60,50
세봉                                                                                ,관음봉,세봉,세봉삼거리,1700,40,40
굴바위                                                                              ,내변산탐방지원센터,가마소,굴바위,7400,190,170
봉화봉                                                                              ,격포항,봉화봉,군부대입구,1,50,40
회룡자연관찰로                                                                      ,회룡사,회룡1교량,회룡사,700,40,30
쌍곡-자연관찰로                                                                     ,쌍곡주차장,쌍곡탐방지원센터,야생화단지,1000,15,15
삼봉 자연관찰로(자전거)                                                             ,삼봉B,,기지포,0.3,10,10
조도 탐방로                                                                         ,운림정,신금산,읍구,5.1,90,70
신륵사~신륵사삼거리                                                                 ,신륵사,,신륵사삼거리,2.8,90,60
보덕암~보덕암삼거리(영봉)                                                           ,보덕암,중봉,보덕암삼거리,3700,210,180
내궁기마을~내궁기삼거리                                                             ,내궁기마을,,내궁기삼거리,1400,60,40
상천리~망덕봉~망덕봉삼거리                                                          ,상천리,망덕봉,망덕봉삼거리,3400,120,100
상천리~가은산~옥순대교                                                              ,상천리,가은산,옥순대교,7400,180,150
사문리자연관찰로                                                                    ,사문리,마패봉삼거리,지릅재,1.3,0,0
탐방로(희방주차장~연화봉)                                                           ,희방주차장,,연화봉,2.9,120,90
울산바위탐방로                                                                      ,소공원,흔들바위,울산바위,3.8,150,90
탐방로                                                                              ,부곡 큰무레골,,비로봉,4.1,150,120
탐방로                                                                              ,부곡큰무레골,푯대봉,비로봉,4.1,150,120
탐방로                                                                              ,영원산성,,주능선,1.9,150,120
탐방로                                                                              ,영원산성,,주능선,1.9,150,100
탐방로                                                                              ,영원산성,,주능선,0,150,100
탐방로                                                                              ,영원산성,능선,주능선,1.9,150,100
탐방로                                                                              ,예송,,예송,1.91,240,300
향일암~임포                                                                         ,향일암,,임포,1200,80,60
덕포~연도남부길(소리도 등대)                                                        ,덕포,,연도남부길,3800,100,100
덕촌~거문도등대                                                                     ,덕촌,,거문도등대,4000,180,150
거문리~영국군묘지                                                                   ,거문리,,영국군묘지,1800,80,70
보옥리~예송리                                                                       ,보옥리,격자봉,예송리,4500,210,180
상서~매봉산                                                                         ,상서,,매봉산,1300,60,50
보광암~연천봉                                                                       ,보광암,등운암,연천봉,1800,90,60
이월리오수철장~갈대(소안도자연관찰로)                                               ,이월리오수처리장,,갈대밭,2550,60,60
서도초교~녹산등대                                                                   ,서도초교,,녹산등대,1500,60,60
예송~보옥                                                                           ,예송,,보옥,5160,240,240
보옥                                                                                ,보옥,,보옥,0.95,30,0
미라~맹선                                                                           ,미라,가학산,맹선,5000,150,150
신리~산동정(상산뾰족봉)                                                             ,신리,,산동정,780,40,30
꽃머리산입구~전망대                                                                 ,꽃머리산입구,,전망대,1000,40,30
운마산입구~전망대                                                                   ,운마산,,전망대,600,30,30
용두~함구미(유송리)                                                                 ,용두,,함구미,1400,70,70
굴등~직포(두모리)                                                                   ,굴등,,직포,500,30,30
작은짝지~부꾸지(구계등)                                                             ,작은짝지,,부꾸지,4500,90,90
함구미~옥녀봉(대부산)                                                               ,함구미,옥녀봉,검바위,10.1,270,270
여천~삼거리                                                                         ,여천,,삼거리,900,40,30
주차장~봉래산~주차장                                                                ,주차장,봉래산,주차장,6500,170,150
곡수당~큰길재                                                                       ,곡수당,,큰길재,1800,80,70
장지~망산                                                                           ,장지,,망산,1500,50,40
청별~큰길재                                                                         ,청별,,큰길재,4500,200,180
구계등~짝지(자연관찰로)                                                             ,구계등,,짝지,1200,30,30
성두~삼거리                                                                         ,성두,,하산길삼거리,1500,90,70
권덕~범바위                                                                         ,권덕,,범바위,1500,50,40
17.홍포마을~해미장골등(거제)                                                        ,홍포마을,,해미장골등,500,15,15
18.여차마을~여차등(거제)                                                            ,여차마을,,여차등,500,15,15
19.학동고개~정상~저구삼거리(거제)                                                   ,학동고개,가라산정상,저구삼거리,8800,264,175
20.뫼바위~조밭골~학동(거제)                                                         ,뫼바위,조밭골,학동,900,27,27
21.진마이재~내촐(거제)                                                              ,진마이재,,뇌촐(내촐),1300,39,25
22.가라산정상~다대저수지상부(거제)                                                  ,가라산정상,,다대저수지상부,1200,30,30
23.학동고개~구조라마을(거제)                                                        ,학동고개,,구조라마을,12000,360,240
24.양화삼거리~양화마을(거제)                                                        ,양화삼거리,,양화마을,1000,30,30
25.동부정수장~망치마을(거제)                                                        ,동부정수장,,망치마을,800,24,16
26.망양삼거리~망양마을(거제)                                                        ,망양삼거리,,망양마을,800,24,16
27.U2기지초입부~서이말등대(거제)                                                    ,U2기지초입부,,서이말등대,3800,115,75
28.예구마을~예구삼거리(거제)                                                        ,예구마을,,예구삼거리,1000,30,30
29.일운봉수대~일운망삼거리(거제)                                                    ,일운봉수대삼거리,,일운망산삼거리,1000,30,30
30.공고지초입~서이말삼거리(거제)                                                    ,공고지초입,,서이말삼거리,3000,90,60
31.바람의언덕~해금강(거제)                                                          ,바람의언덕,,해금강,1900,50,35
32.산양읍~희망봉~달아(미륵도)                                                       ,산양읍,희망봉,달아,4500,135,90
33.봉전소류지~답하~화양초교(산양)                                                   ,봉전소류지,답하,화양초교,3000,90,0
34.외항선착장~선유대~해변(비진도)                                                   ,외항선착장,선유대,외항선착장,3000,90,60
35.소매물도마을~분교(소매물도)                                                      ,소매물도마을,,분교,1600,50,30
36.연대마을~봉수대~해변(연대도)                                                     ,연대마을,봉수대,연대해변,2300,70,50
주전골입구~오색흔들바위                                                             ,주전골,,오색흔들바위,800,60,50
소고포~대촌삼거리(한산도망산)                                                       ,소고포,,대촌삼거리,1200,40,30
청련사~내기사                                                                       ,청련사,왕거암-먹구등,내기사,9500,0,0
갓바위골입구~대궐령                                                                 ,갓바위골입구,,대궐령,2000,0,0
가메봉~왕거암                                                                       ,가메봉,,왕거암,1800,0,0
오색약수터~망경대                                                                   ,오색약수터,,망경대,600,60,50
금은광이정상~먹구등                                                                 ,금은광이,두수람,먹구등,2400,0,0
제12타방로(태행산탐방로)                                                            ,대둔산,,태행산,6,0,0
곰배골입구~강선리                                                                   ,곰배골입구,곰배령,강선리,6500,200,200
대둔산입구~태행산                                                                   ,대둔산입구,,태행산,6000,0,0
단목령~곰배령                                                                       ,단목령,점봉산,곰배령,9500,240,240
둔골~월외폭포                                                                       ,둔골,도토메기,월외폭포,3500,0,0
칼등고개~가메봉                                                                     ,칼등고개,,가메봉,3200,0,0
대둔산정상~두고개                                                                   ,대둔산정상,,두고개,4500,0,0
병곡~동엽령                                                                         ,병곡,,동엽령,3.5,120,120
양악~월성재                                                                         ,양악,,월성재,4000,150,130
탐방로(연화봉~비로봉)                                                               ,연화봉,제1연화봉,비로봉,4.3,0,0
탐방로(비로봉~국망봉)                                                               ,비로봉,,국망봉,3.1,0,0
탐방로(달밭골~초암사)                                                               ,달밭골,,초암사,3.1,0,0
탐방로(점마~하좌석)                                                                 ,점마,,하좌석,4.1,0,0
탐방로                                                                              ,구룡주차장,비로봉~상원사,성남공원지킴터,21.4,540,0
탐방로(희방2주차장~의풍리)                                                          ,희방제2주차장,국망봉,의풍리,23.1,600,540
탐방로(삼가~비로봉)                                                                 ,삼가,양반바위,비로봉,5.7,120,90
탐방로(초암사~국망봉)                                                               ,초암사,봉두암,국망봉,4,180,150
탐방로(연화동~연화동삼거리)                                                         ,연화동,,연화동삼거리,3.6,0,0
탐방로(국망봉~늦은목이)                                                             ,국망봉,고치령,늦은목이,25,540,510
12.천동~천동삼거리                                                                  ,다리안관광지,천동쉼터,천동삼거리,6200,170,120
13.어의곡~어의곡삼거리                                                              ,어의곡주차장,어의곡탐방지원센터,어의곡삼거리,4200,130,90
남천                                                                                ,남천,,마당치,7700,230,170
14.죽령~연화봉                                                                      ,죽령휴게소,"제2연화봉, 천문대",연화봉,7000,180,150
16.묘적령~죽령                                                                      ,묘적령,도솔봉,죽령,8600,180,240
천황사~통천문삼거리                                                                 ,천황사,,통천문삼거리,2600,120,60
산성대입구~광암터                                                                   ,산성대입구,,광암터,2600,180,90
금릉경포대~바람재                                                                   ,금릉경포대,,바람재,2200,90,50
무위사~미왕재                                                                       ,무위사,,미왕재,2000,70,40
경포대삼거리~종주능선                                                               ,경포대삼거리,,종주능선,1500,60,30
천황주차장~탑동약수터                                                               ,천황주차장,,탑동약수터,900,20,20
천황자연관찰로                                                                      ,천황조경휴게지내,,천황조경휴게지내,1000,60,0
도갑자연관찰로                                                                      ,도선수미비,대나무숲(상전앞길)-도갑계곡(탐방로)-습지,도선수미비,1.1,30,25
무위사자연관찰로                                                                    ,무위사산진각,"폐평지,습지(억새밭가는길)-동백군락지",무위사,1,60,0
원암                                                                                ,원암,직소,남여치,7800,240,0
탐방로                                                                              ,내소사,직소,백천대,6100,220,0
탐방로                                                                              ,서운부락,와룡소,내소사,6000,180,0
탐방로                                                                              ,개암사,상여봉,가마소,8600,290,0
탐방로                                                                              ,선바우골,,관음봉,1800,60,0
탐방로                                                                              ,실상사골,,갑남산,7000,240,0
탐방로                                                                              ,갑을치,갑남산,유유동,7000,240,0
광륜사~은석암                                                                       ,광륜사,,은석암,1750,0,0
녹야원입구~다락능선                                                                 ,녹야원입구,,다락능선,1840,,
통일교~도봉대피소~다락능선                                                          ,통일교,도봉대피소,다락능선,2020,,
도봉대피소~마당바위~주봉                                                            ,도봉대피소,마당바위,주봉,1660,,
성도원상단~관음암~도봉주능선                                                        ,성도원상단,관음암,도봉주능선,1200,,
도봉서원~거북골~도봉주능선                                                          ,도봉서원,거북골,도봉주능선,2640,0,0
통일교~보문능선~우이암능선                                                          ,통일교,보문능선,우이암능선,2660,,
포대입구~도봉주능선~우이암                                                          ,포대입구,도봉주능선,우이암,2200,0,0
무수골~원통사~우이암                                                                ,무수골,원통사,우이암,2200,0,0
송추~사패능선                                                                       ,송추,,사패능선,1800,,
사패산~사패능선~포대능선                                                            ,사패산,사패능선,포대능선,3200,,
안골~사패산                                                                         ,안골,,사패산,2200,0,0
회룡골~사패능선                                                                     ,회룡골,,사패능선,3300,,
안말~체력단련장                                                                     ,안말,,체력단련장,1200,,
원도봉~체력단련장~포대능선                                                          ,원도봉,체력단련장,포대능선,2200,,
원도봉~덕재샘~포대능선                                                              ,원도봉,덕재샘,포대능선,2200,,
원도봉~다락능선~포대능선                                                            ,원도봉,다락능선,포대능선,2600,,
주등산로                                                                            ,구기터널,불광사능선,비봉,2.2,100,80
주등산로                                                                            ,산성분소,수영장,상운사,1.5,90,60
주등산로                                                                            ,용암사입구,의상능선,문수봉,3.9,75,65
주등산로                                                                            ,삼천리골입구,,문수봉,3,120,0
주등산로                                                                            ,진관사입구,,비봉,3.3,120,0
7. 유평~천왕봉                                                                      ,유평,치밭목,천왕봉,10200,390,300
5. 중산리~천왕봉                                                                    ,중산리,법계사,천왕봉,5400,240,180
6. 법계교~순두류~법계사                                                             ,법계교,순두류,법계사,5800,60,40
3. 거림~1400고지                                                                    ,거림,,1400고지,5000,180,130
10. 백무동~장터목                                                                   ,백무동,참샘,장터목,5800,210,140
11. 백무동~세석평전                                                                 ,백무동,,세석평전,6500,240,180
탐방로                                                                              ,대성,,세석평전,8.8,270,210
4. 칼바위~장터목                                                                    ,칼바위,,장터목,4000,180,120
9. 추성동~천왕봉                                                                    ,추성동,,천왕봉,9200,540,420
노고단고개~천왕봉                                                                   ,노고단고개,연하천,천왕봉,20500,330,330
15. 쌍계사~불일폭포~삼신봉                                                          ,쌍계사,불일폭포,삼신봉,9000,60,30
14. 청학동~삼신봉~갈림길                                                            ,청학동,,갈림길,7700,300,240
8. 새재~삼거리                                                                      ,새재,,삼거리,3000,180,120
12. 의신~벽소령                                                                     ,의신(하동),,벽소령,6800,180,150
13. 음정~벽소령                                                                     ,음정(함양),,벽소령,5000,180,150
가내소~장터목                                                                       ,가내소,,장터목(한신지계곡),4.2,180,120
16. 범왕교~토끼봉                                                                   ,범왕교,,토끼봉,4900,180,120
탐방로                                                                              ,뱀사골정상,,연하천,6,120,0
1.화엄사~무넹기                                                                     ,화엄사,중재,무넹기,7000,230,150
탐방로                                                                              ,성삼재,노고단고개,노고단정상,5.4,90,70
2.직전마을~피아골삼거리                                                             ,직전마을,피아골대피소,피아골삼거리,6000,210,150
노고단고개~삼도봉                                                                   ,노고단고개,임걸령,삼도봉,5.5,180,150
3.만복대~성삼재                                                                     ,만복대,당동고개,성삼재,5300,240,180
금산입구~정상                                                                       ,금산입구,보리암,정상,2200,90,60
탐방로                                                                              ,두모계곡,,금산정상,2.8,110,60
속리-탐방로(세심정~문장대)                                                          ,세심정,보현재,문장대,3300,90,60
속리-탐방로(법주사~세심정~신선대)                                                   ,법주사,세심정,신선대,5600,100,85
속리-탐방로(세심정~도화리)                                                          ,세심정,천왕봉,도화리,8500,210,150
탐방로                                                                              ,천황봉,묘봉,민판동,7,120,90
화북-탐방로(오송~문장대~묘봉)                                                       ,오송,문장대,묘봉,7000,90,60
화북-탐방로(장각동~천왕봉~문장대)                                                   ,장각동,천왕봉,문장대,6500,180,160
화양-탐방로(학소대~첨성대)                                                          ,학소대,도명산,첨성대,6000,90,60
화양-탐방로(사담리~낙영산~도명산)                                                   ,사담리,낙영산,도명산,6500,90,60
탐방로                                                                              ,떡바위,,쌍곡폭포,8,180,150
쌍곡-탐방로(소금강~군자산~도마골)                                                   ,소금강,군자산,도마골,6500,120,90
쌍곡-탐방로(절말~장성봉~제수리재)                                                   ,쌍곡폭포,장성봉,제수리재,12000,150,120
탐방로                                                                              ,장성봉,,상고암,1.2,60,40
탐방로                                                                              ,매표소,,세심정,4.9,60,60
속리-탐방로(천왕봉~형제봉)                                                          ,천왕봉,,형제봉,7100,90,60
화북-탐방로(용화~북가치~민판동)                                                     ,용화지구,북가치,민판동,7000,90,60
화양-탐방로(선유동~제비소)                                                          ,선유동,,제비소,1800,60,60
탐방로                                                                              ,북가치,묘봉,민판동,7,0,0
구암사입구~백양계곡                                                                 ,구암사,무덤갈림길,백양계곡,1400,90,0
백양사~남경산기도원                                                                 ,백양사,능선사거리-몽계폭포,남경산기도원,6200,180,0
전대수련원~은선골삼거리                                                             ,전대수련원,갓바위,은선골삼거리,8300,210,0
약사암입구~가인마을                                                                 ,백양사비자림,백학봉-상왕봉-사자봉-청류암,가인마을,7500,245,0
탐방로                                                                              ,입암계곡코스,,입암산성코스,1.5,120,90
운문암갈림길~옹달샘갈림길                                                           ,운문암갈림길,,옹달샘갈림길,600,25,20
1.반선~화개재                                                                       ,반선,,화개재,9200,300,240
2.쟁기소~삼도봉삼거리                                                               ,쟁기소,반야봉,삼도봉삼거리,8500,240,150
4.만복대~운봉아래                                                                   ,만복대,정령치,운봉아래,13700,220,230
3.고기리~고리봉                                                                     ,고기리,,고리봉,3200,80,60
닭이봉                                                                              ,기타(격포닭이봉),,닭이봉,0.8,20,0
탐방로                                                                              ,상서,,매봉산,2,120,0
탐방로                                                                              ,임포,,임포,1.2,80,0
탐방로                                                                              ,연도,,소리도등대,1.5,0,0
탐방로                                                                              ,변촌,,거문도등대,5,150,0
탐방로                                                                              ,거문리,,뒷산,0.7,50,0
탐방로                                                                              ,보옥리,예송리,하한대,4.5,240,0
허득상가~상왕봉                                                                     ,허득상가,해인사,상왕봉,5300,150,110
탐방로                                                                              ,해인사,,마애불입상,0,0,0
치인~남산제일봉                                                                     ,치인리,,남산제일봉,2600,60,40
백운동~상왕봉                                                                       ,백운동시설지,서성재,상왕봉,4300,120,90
5.구룡삼곡~구룡폭포                                                                 ,육모정,,구룡폭포,3100,120,90
탐방로                                                                              ,세렴폭포,,비로삼거리,2.5,120,110
탐방로                                                                              ,곧은재,,부곡공원지킴터,4.1,180,120
탐방로                                                                              ,곧은재공원지킴터,,곧은재,2.2,120,60
탐방로                                                                              ,금대야영장,,상원사,5.2,150,110
탐방로                                                                              ,국형사,보문사,향로봉삼거리,2.3,120,100
탐방로                                                                              ,윗황골,입석대,황골능선,2.8,120,90
구천동탐방지원센터~영각공원지킴터                                                   ,"구천동탐방지원센터,매표소",향적봉,"영각탐방지원센터,매표소",26000,840,840
서창공원지킴터~안국사                                                               ,"서창탐방지원센터,매표소",장도바위,안국사,3800,120,120
안성탐방지원센터~동엽령                                                             ,"안성탐방지원센터,매표소",칠연삼거리,동엽령,4400,120,100
송계사~백암봉                                                                       ,송계사,횡경재,백암봉,6500,200,180
백련사~중봉                                                                         ,백련사,오수자굴,중봉,4000,120,100
황점~삿갓골재                                                                       ,황점,,삿갓골재,3400,110,100
황점~월성재                                                                         ,황점,,월성재,2600,110,100
치목~안국사                                                                         ,치목,송대폭포,안국사,3700,100,100
인월담~향적봉                                                                       ,인월담,칠봉,향적봉,5700,180,160
서래봉~구관사앞                                                                     ,벽련암,불출~망해~연지~까치~신선~연자~장군봉,구관사앞,13200,480,0
원적골 자연관찰로                                                                   ,일주문,벽련암~사랑의다리~비자림,내장사,2700,80,0
제5주차장~서래약수                                                                  ,"제4,5주차장",서래탐방지원센터,서래약수,1000,70,0
백련암~서래봉                                                                       ,벽련암,석란정지,서래봉,500,40,0
까치봉~순창고개                                                                     ,까치봉,소둥근재,순창새재,2600,200,0
대가~신선봉                                                                         ,대가,,신선봉,1800,180,0
금선계곡~까치봉                                                                     ,금선계곡,,까치봉,900,60,0
내장사~금선대                                                                       ,내장사,금선계곡~신선삼거리,금선대,1700,100,0
내장사~연자봉                                                                       ,내장사,굴거리나무군락~전망대,연자봉,1200,50,0
입암~새재입구                                                                       ,입암탐방지원센터,,새재입구,6000,90,60
원적암~불출봉                                                                       ,원적암,,불출봉,900,50,0
상신탐방지원센터~작은배재                                                           ,상신탐방지원센터,큰배재,작은배재,4300,140,120
병사골탐방지원센터~큰배재                                                           ,병사골탐방지원센터,장군봉~갓바위,큰배재,4600,170,140
지석골탐방지원센터~갓바위삼거리                                                     ,지석골탐방지원센터,,갓바위삼거리,1200,50,30
천정탐방지원센터~천정골갈림길                                                       ,천정탐방지원센터,,천정골갈림길(지석골방향),1800,70,50
동학사세진정~큰배재                                                                 ,동학사세진정,남매탑,큰배재,2200,90,70
육심령~남덕유산                                                                     ,육십령,서봉,남덕유산,3600,300,240
17.을전~늦은맥이제                                                                  ,을전,벌바위골,늦은맥이재삼거리,4500,150,100
우이도탐방로                                                                        ,진리마을,,돈목,4,40,40
주산지입구~주산지(주산지탐방로)                                                     ,주산지입구(공원경계),,주산지,1000,20,15
월외1리~대전사                                                                      ,월외1리,금은광이삼거리-3폭포,대전사,12300,0,0
홍도 탐방로                                                                         ,홍도1구,,홍도2구,4.1,60,40
삼불봉고개~관음봉고개                                                               ,삼불봉고개,삼불봉~관음봉,관음봉고개,2000,80,80
갑사~남매탑                                                                         ,갑사,금잔디고개,남매탑,3000,160,140
제2폭포~제3폭포                                                                     ,제2폭포,가메봉-내원동,제3폭포,7700,240,0
탐방로                                                                              ,뱀사골정상,,삼각고지,12,180,0
탐방로                                                                              ,구룡사,투구봉,비로봉,9,300,240
탐방로                                                                              ,금대리,질아치,향로봉,8,180,160
송계리~송계삼거리                                                                   ,송계리,,송계삼거리,2500,90,60
덕주사~영봉                                                                         ,덕주사,송계삼거리,영봉,4900,210,180
만수교~만수봉~만수교                                                                ,만수교,만수봉,만수교,7300,150,90
지릅재~마패봉                                                                       ,지름재,마패봉삼거리,마패봉,2.3,90,60
상선암~제봉~도락산                                                                  ,상선암,제봉,도락산,3,120,90
하늘재~포암산~만수봉삼거리                                                          ,하늘재,포암산,만수봉삼거리,6000,180,150
상천리~금수산~상리                                                                  ,상천리,금수산,상리,2400,240,180
장회리~제비봉~얼음골                                                                ,장회리,제비봉,얼음골,4100,180,150
계란재~구담봉~옥순봉                                                                ,계란재,구담봉,옥순봉,2900,120,120
뫼악동~북바위산~물레방아                                                            ,뫼악동,북바위산,물레방아,4900,210,180
상선암~채운봉~도락산삼거리                                                          ,상선암,채운봉,도락산삼거리,2200,90,60
미륵리~하늘재                                                                       ,미륵리,,하늘재,2000,60,60
우이암~원통사                                                                       ,우이암,,원통사,2.05,80,60
육모정공원지킴터~육모정고개                                                         ,육모정공원지킴터,,육모정고개,1.15,60,40
백운대탐방지원센터~하루재~위문~백운대                                               ,백운대탐방지원센터,하루재-위문,백운대,2,80,60
도선광장~용암문                                                                     ,용암문공원지킴터,,용암문,1.5,70,50
주등산로                                                                            ,소귀천매표소,,대동약수,2.5,30,25
백련공원지킴터~진달래능선~대동문                                                    ,백련공원지킴터,진달래능선,대동문,2.7,90,70
운가사공원지킴터~진달래능선                                                         ,운가사공원지킴터,,진달래능선,1.6,70,50
아카데미탐방지원센터~구천폭포~대동문                                                ,아카데미매표소,구천폭포,대동문,1.9,80,60
위문~용암문~대동문~보국문~대남문                                                    ,위문,용암문-대동문-보국문-대성문,대남문,4.3,180,170
냉골공원지킴터~칼바위능선                                                           ,냉골공원지킴터,,칼바위능선,1.25,25,20
화계동공원지킴터~칼바위능선                                                         ,화계동공원지킴터,,칼바위능선,1.25,25,20
빨래골매표소~산성주능선                                                             ,빨래골매표소,칼바위능선,산성주능선,3.35,120,90
정릉탐방지원센터~보국문                                                             ,정릉탐방지원센터,,보국문,2.26,80,60
청수폭포~일선사~대성문                                                              ,청수폭포,일선사,대성문,2.69,90,70
북악공원지킴터~형제봉삼거리                                                         ,북악공원지킴터,,형제봉삼거리,1.6,25,20
형제봉입구~형제봉~일선사                                                            ,형제봉입구,형제봉,일선사,2.38,80,60
평창공원지킴터~일선사~보현봉~대남문                                                 ,평창공원지킴터,일선사-보현봉,대남문,2.4,80,60
구기분소~대남문                                                                     ,구기분소,,대남문,2.8,100,60
주등산로                                                                            ,비봉매표소,비봉능선-문수봉-,대남문,3.77,60,40
승가공원지킴터~비봉능선                                                             ,승가공원지킴터,,비봉능선,1.61,80,60
탕춘대공원지킴터~절터샘                                                             ,탕춘대공원지킴터,,절터샘,1,20,15
구기터널입구~구기불광능선                                                           ,구기터널입구,,구기불광능선,1.8,25,20
불광계곡~족두리봉                                                                   ,불광계곡,,족두리봉,1.4,50,30
불광계곡~비봉                                                                       ,불광계곡,,비봉,2.3,30,25
주등산로                                                                            ,기독교수양관,,향로봉밑 갈림길,1.2,15,10
기자촌~향로봉                                                                       ,기자촌,,향로봉,1.8,20,15
진관계곡~비봉                                                                       ,진관계곡,,비봉,3.62,80,70
삼천사입구~사모바위                                                                 ,삼천사입구,,사모바위,2.7,35,30
주등산로                                                                            ,삼천사계곡,,문수봉,1.5,70,50
주등산로                                                                            ,삼천사계곡입구,삼천사,부왕동암문,3,120,100
주등산로                                                                            ,백화사입구,,가사당암문,2.6,100,80
주등산로                                                                            ,용암사입구,의상능선,문수봉,3.9,170,150
주등산로                                                                            ,산성분소,,등운각,1.2,60,40
주등산로                                                                            ,법용사입구,,가사당암문,1.6,80,60
주등산로                                                                            ,행궁지입구,남장대지,청수동암문,1.7,90,70
주등산로                                                                            ,북한산성계곡,대성암,대남문,1.2,30,20
효자원~대동사입구                                                                   ,효자원,원효봉,대동사입구,2.9,90,70
북한산성입구~대서문                                                                 ,북한산성입구,대서문,위문,4.1,130,110
밤골입구~밤골계곡                                                                   ,밤골입구,,밤골계곡,0.9,40,30
주등산로                                                                            ,사기막입구,,백운대,3.3,120,100
용학사~부왕동암문                                                                   ,용학사,,부왕동암문,0.9,10,10
독박골~구기불광능선                                                                 ,독박골,,구기불광능선,1.4,20,15
등운각~보국문                                                                       ,등운각,중성문,보국문,4,65,60
주등산로                                                                            ,선운교,,하루재,1.56,50,40
주등산로                                                                            ,구천폭포,,칼바위능선,1,40,25
주등산로                                                                            ,약수암,영불사,대남문,4,100,80
주등산로                                                                            ,백은매표소,삼거리,하루재,1.8,70,0
5.비선대~영시암                                                                     ,비선대,마등령,영시암,7400,290,300
소공원~희운각대피소                                                                 ,소공원(일주문),양폭대피소,희운각대피소,8500,290,210
오색~대청봉                                                                         ,남설악,설악폭포,대청봉,5000,240,180
성불사입구~범골능선                                                                 ,성불사입구,,범골능선,600,0,0
의정부시청뒤~백인굴                                                                 ,의정부시청 뒤,,백인굴,1300,0,0
범골~범골능선~사패능선                                                              ,범골,범골능선,사패능선,2800,0,0
덕제샘~망월사~포대능선                                                              ,덕제샘,망월사,포대능선,800,0,0
다락원입구~다락능선                                                                 ,다락원입구,,다락능선,1300,0,0
원각사입구~사패능선                                                                 ,원각사입구,,사패능선,2500,0,0
흑산도 자연관찰로                                                                   ,진리당,,진리당,0.7,10,0
탐방로(죽령옛길)                                                                    ,죽령옛길,,죽령옛길,2,0,0
흑산면사무소~어울림~소사리                                                          ,흑산면사무소,어울림,소사리,4.1,70,40
오세암~봉정암                                                                       ,오세암,가야동계곡,봉정암,3500,180,150
여심폭포입구~용소폭포                                                               ,흘림골입구,등선대,용소폭포,3100,100,130
신계동~상왕봉                                                                       ,신계동,,상왕봉,3200,0,0
통제소~일주문                                                                       ,통제소,,일주문,1300,20,20
탐방로                                                                              ,상왕봉,,동피골야영장,4600,90,90
청량동~남산제일봉                                                                   ,청량동,,남산제일봉,2300,100,90
탐방로                                                                              ,동성봉입구,동성봉,용기폭포아래,0,0,0
상왕봉~비로봉                                                                       ,상왕봉,,비로봉,2.3,0,0
큰골삼거리~자연성릉                                                                 ,큰골삼거리,금잔디고개,자연성릉,1400,55,35
갑사분소~동학사탐방지원센터                                                         ,갑사분소,연천봉고개~관음봉고개~은선폭포,동학사탐방지원센터,7400,260,240
신원사~연천봉                                                                       ,신원사,연천봉고개,연천봉,2900,110,90
수통골주차장~수통골                                                                 ,수통골주차장,빈계산~금수봉~자티고개~도덕봉,수통골,8700,330,330
백담사~대청봉                                                                       ,백담사,봉정암,대청봉,12900,470,320
황장폭포~장수대                                                                     ,황장폭포,대승령,장수대,7300,240,210
남교리~한계령갈림길                                                                 ,남교리,대승령,한계령삼거리,16200,510,490
마등령~한계령                                                                       ,마등령,소청,한계령,14700,690,660
소공원~권금성                                                                       ,소공원,,권금성,1200,100,60
소공원~울산바위                                                                     ,소공원,흔들바위(계조암),울산바위,3800,120,50
소공원~토왕성폭포 전망대                                                            ,소공원(비룡교),비룡폭포,토왕성폭포 전망대,2810,60,50
용소입구~오색약수터 탐방로                                                          ,용소폭포주차장,용소폭포,오색약수터,3500,70,80
소금강-동피골                                                                       ,소금강,"노인봉, 동대산",동피골야영장,17700,580,0
상원사~비로봉                                                                       ,상원사,적멸보궁,비로봉,3.5,100,100
동대산~두로령                                                                       ,동대산,두로봉,두로령,8300,280,0
두로령~상왕봉                                                                       ,두로령,,상왕봉,1.9,0,0
탐방로                                                                              ,부곡리,곧은치,비로봉,15,240,190
탐방로                                                                              ,부곡리,변암,비로봉,10,180,130
탐방로                                                                              ,성남,남대봉,상원사,9,150,110
자하교~학소대(자연관찰로)                                                           ,자하교,주왕암,학소교,1200,30,30
대전사~금은광이삼거리(장군봉탐방로)                                                 ,대전사,장군봉,금은광이삼거리,5300,140,90
절골입구~가메봉                                                                     ,절골입구,대문다리,가메봉,5700,0,0
대전사~후리메기삼거리                                                               ,대전사,주봉,후리메기삼거리,4800,0,0
제7탐방로(자연관찰로)                                                               ,자하교,주왕암입구,학소대쉼터,1.2,30,20
도초도 탐방로                                                                       ,시목,작은시목,목넘,1.84,40,30
성도원하단~마당바위                                                                 ,성도원하단,,마당바위,820,0,0
석굴삼거리~신선대                                                                   ,석굴삼거리,,신선대,1100,0,0
오봉능선~도봉주능선                                                                 ,오봉능선,,도봉주능선,1100,0,0
"송추~송추남능선,오봉능선~도봉주능선                                                 ",송추,"송추남능선,오봉능선",도봉주능선,4100,0,0
송추폭포입구~오봉능선                                                               ,송추폭포입구,,오봉능선,1900,0,0
수통탐방지원센터~체험학습관~수통폭포~                                               ,수통골탐방지원센터,수통폭포,금수봉삼거리,2650,100,80
수통폭포~성북동삼거리                                                               ,수통폭포,,성북동삼거리,1100,50,40
체험학습관~수통폭포~가리울위삼거리                                                  ,수통폭포,,가리울삼거리,1800,60,40
동학사일주문~일주문상단100m                                                         ,동학사일주문,,일주문상단100M,0.095,15,15
만수계곡자연관찰로                                                                  ,만수교,,만수교,2,,
미륵리역사자연관찰로                                                                ,미륵리주차장,,미륵리주차장,0,0,0
전나무숲 자연관찰로                                                                 ,월정사,,일주문,1,20,20
자연관찰로                                                                          ,금산입구(분기점),계곡 습지,금산입구(회유형),1,50,40
5.화엄사~연기암                                                                     ,화엄사,,연기암,3900,90,60
6.당동~당동마을                                                                     ,당동,,당동마을,2000,120,90
자연관찰로                                                                          ,국제화장실,,해인사일주문,700,20,15
도봉자연관찰로                                                                      ,도봉탐방지원센터,도봉사~산정약수터~서원터,도봉탐방지원센터,1500,50,40
원도봉자연관찰로                                                                    ,원도봉쌍용사,원효사하단,엄홍길생가터,600,40,30
노고단고개~노고단정상                                                               ,노고단고개,,노고단정상,0.7,30,20
4.성삼재~노고단정상                                                                 ,성삼재,무넹기,노고단고개,5400,90,60
직전마을~삼홍소                                                                     ,직전마을,표고막터,삼홍소,2.3,80,60
화엄사~연기암                                                                       ,화엄사,용소,연기암,2,60,40
소금강 자연관찰로                                                                   ,무릉계,,구룡폭포,2.2,60,60
법주사 자연관찰로                                                                   ,법주사 매표소,오리숲,법주사 일주문,700,10,10
화양-자연관찰로-데크                                                                ,화양동 잔디밭 B화장실 맞은편,,화양2교 이전,300,10,10
몽산포 자연관찰로                                                                   ,몽산포 야영장,,몽산포 습지 데크,900,10,10
기지포 자연관찰로                                                                   ,기지포 탐방지원센터,,기지포 해변,1100,30,30
10.월평마을~바래봉                                                                  ,월평마을,,바래봉,3800,110,90
11.바래봉삼거리~바래봉                                                              ,바래봉삼거리,,바래봉,600,30,20
12.와운교~요룡대                                                                    ,와운교,,요룡대,1500,50,40
13.뱀사골야영장~와운길                                                              ,뱀사골야영장,,와운길,800,30,20
14.정령치~정령치습지                                                                ,정령치,,정령치 습지,400,10,10
15.육모정~육모정                                                                    ,육모정,약수터,육모정,700,30,20
16.구룡임도~구룡치                                                                  ,구룡임도,,구룡치,500,30,20
주등산로                                                                            ,선운교,옥류교-소귀천매표소,대동약수,2.5,35,25
쌍곡-탐방로(떡바위~칠보산~쌍곡폭포)                                                 ,떡바위,칠보산,쌍곡폭포,6200,210,180
속리-탐방로(비로산장~상고암)                                                        ,비로산장,,상고암,1200,60,40
속리-탐방로(새목이~삼가리)                                                          ,새목이,,삼가리,4100,90,90
화양-탐방로(자연학습원~가령산~낙영산                                                ,자연학습원,가령산,낙영산,6000,120,100
화북-옥양폭포~백악산~입석                                                           ,옥양폭포,백악산,입석,11500,210,180
쌍곡-탐방로(각연사~칠보산_청석재)                                                   ,각연사,,칠보산,3000,60,40
쌍곡-탐방로(각연사~칠보산_활목재)                                                   ,각연사삼거리,,칠보산(하),1500,40,30
쌍곡-탐방로(갈론~아가봉~갈론)                                                       ,갈론,아가봉,갈론,8200,240,240
미타사~북가치~민판동                                                                ,미타사,북가치,민판동,2200,60,60
형제봉~만수리                                                                       ,형제봉,,만수리,2500,90,60
탐방로                                                                              ,하치마을,누릿재,사자저수지,1.6,60,50
탐방로                                                                              ,산성대입구,,광암터,2.6,0,0
탐방로                                                                              ,경포대삼거리,,종주능선,1.5,0,0
탐방로                                                                              ,천황주차장,,탑동약수터,0.927,0,0
탐방로                                                                              ,구정봉,용암사지(마애불),홍계골,3.5,0,0
탐방로                                                                              ,죽정,,월대암,0.6,0,0
수통골주차장~빈계산능선                                                             ,수통골주차장,,빈계산능선,500,40,30
갑사~대적전                                                                         ,갑사분소,철당간지주,대적전,500,40,30
상신마을~만학골                                                                     ,상신마을,구재,만학골,3000,160,140
갑사상가~안터                                                                       ,갑사상가,,안터,900,50,40
민목재~자티고개                                                                     ,민목재,관암산~백운봉,자티고개,2700,110,90
도덕봉~삽재                                                                         ,도덕봉,,삽재,1600,70,50
"갑사분소~일주문,갑사~갑사분소                                                       ",갑사분소,"일주문, 갑사",갑사분소,1.2,90,70
만화재~북문                                                                         ,만화제,,북문,900,60,50
등천리~은선동                                                                       ,등천리,,은선동,1500,65,55
탐방로                                                                              ,태배,,가르미끝,0.4,30,20
탐방로                                                                              ,산너두골,,큰재산,0.3,30,25
6. 백사장~꽃지(안면도)                                                              ,백사장,창정교,꽃지,3600,50,50
우이령길                                                                            ,강북구우이동,,장흥면교현리(우이령길),4460,0,0
북부복원센터 목재데크                                                               ,북부복원센터 건물 뒷편,,생태학습장 상단,0.06,3,3
제2수원지                                                                           ,미술관앞,제2수원지,산길,0.894,0,0
배낭기미습지탐방로                                                                  ,진리마을,,배낭기미습지,0.43,0,0
동학사매표소 ~ 구야영장                                                             ,동학사매표소,동학사,구야영장,1.3,30,20
기지포 자연관찰로                                                                   ,기지포탐방지원센터,,기지포해변,300,5,5
탐방로                                                                              ,,,,,,
동학사 ~ 관음봉                                                                     ,동학사,은선폭포,관음봉,3,100,70
은선동삼거리                                                                        ,은선동삼거리,,새재갈림길,1100,30,30
교리터널~수레바위                                                                   ,,,,,,
천황사지구~도갑사                                                                   ,천황사지구,,도갑사,8600,390,350
미술관앞~제2수원지~산길                                                             ,미술관앞,제2수원지,산길,900,,
진리마을~배낭기미습지                                                               ,진리마을,,배낭기미습지,400,,
청수폭포~대성문                                                                     ,,,,,,
운문암                                                                              ,운문암갈림길,,옹달샘갈림길,600,30,25
정진~족두리봉                                                                       ,정진공원지킴터,,족두리봉,1400,60,40
탕춘대매표소~암문                                                                   ,탕춘대매표소,,암문,1200,40,25
소도집단시설지구매표소~천왕단(천제단)                                               ,소도집단시설지구매표소,단군각~망경사,천왕단(천제단),3700,,
반재갈림길~문수봉갈림길                                                             ,반재갈림길,,문수봉갈림길,1700,,
소도집단시설지구매표소~반재                                                         ,소도집단시설지구매표소,만적사~대진주암,반재,1600,,
소도집단시설지구매표소~소문수봉갈림길                                               ,소도집단시설지구매표소,제당골,소문수봉갈림길,1500,,
소문수봉~혈동집단시설지구매표소                                                     ,유황골,문수봉~천왕단(천제단)~장군봉,혈동집단시설지,10300,,
금천~소문수봉                                                                       ,금천,절터골,소문수봉,2900,,
금천갈림길~소문수봉                                                                 ,금천갈림길,,소문수봉,2000,,
백단사집단시설지구매표소~반재                                                       ,백단사집단시설지구매표소,,반재,1600,,
분주령~금대봉                                                                       ,분주령,,금대봉,3300,,
대덕산~분주령                                                                       ,대덕산,분주령갈림길,분주령,1500,,
분주령~대덕산                                                                       ,분주령,정진외박골,대덕산,1700,,
검룡소입구~분주재골                                                                 ,검룡소입구,,분주재골,1500,,
검룡소갈림길~검룡소                                                                 ,검룡소갈림길,,검룡소,600,,
검룡소주차장~쑤아밭령                                                               ,검룡소주차장,,쑤아밭령,1400,,
늦동목이재~만항재                                                                   ,늦동목이재,두문동재~은대봉~금대봉~함백산,만항재,12400,,
은대봉~도깨비도로갈림길                                                             ,은대봉,,도깨비도로갈림길,900,,
새마을지도자공원~도깨비도로(구도로)                                                 ,새마을지도자공원,,도깨비도로(구도로),700,,
적조암갈림길~O2리조트                                                               ,적조암갈림길,자작나무샘터,O2리조트,2400,,
만항재~화방재                                                                       ,만항재,,화방재,3200,,
화방재~유일사                                                                       ,화방재,사길령~유일사갈림길,유일사,3000,,
태백사~유일사갈림길                                                                 ,태백사,,유일사갈림길,500,,
주목군락지~부쇠봉갈림길                                                             ,주목군락지,망경사(샛길),부쇠봉갈림길,1700,,
단군성전갈림길~소문수봉                                                             ,단군성전갈림길,,소문수봉,1300,,
부쇠봉~깃대배기봉                                                                   ,부쇠봉,,깃대배기봉,3200,,
병오마을~깃대배기봉갈림길                                                           ,병오마을,,깃대배기봉갈림길,5500,,
칠반맥이골~부쇠봉갈림길                                                             ,칠반맥이골,상골,부쇠봉갈림길,3300,,
백천계곡~문수봉갈림길                                                               ,백천계곡,,문수봉갈림길,3200,,
두리봉갈림길~병오천계곡                                                             ,두리봉갈림길,,병오천계곡,1700,,
하늘재~부봉~마패봉삼거리                                                            ,하늘재,부봉,마패봉삼거리,8500,300,280
덕주사~영봉                                                                         ,덕주사,송계삼거리,영봉,4900,210,180
보덕암~보덕암삼거리(영봉)                                                           ,보덕암,,영봉,3700,210,180
안생달~작은차갓재~황장산~안생달                                                     ,안생달,황장산,안생달,3800,210,180
탐방로                                                                              ,부곡 큰무레골,천사봉,비로봉,4100,210,150
법주사~세심정 우회탐방로(세조길)                                                    ,법주사 삼거리,태평휴게소,세심정,2.35,80,80
데크                                                                                ,,,,,,
데크                                                                                ,"채석강, 관음봉",,,,,
16구간                                                                              ,제1수원지,,가운데등,,,
우이암~우이깔딱고개                                                                 ,우이암,,우이깔딱고개,6000,180,120
선림사~고양공원묘지                                                                 ,선림사,,고양공원묘지,3.4,100,100
효자동입구~솔고개                                                                   ,효자동입구,,솔고개,8,180,180
강북구우이령~우이령정상                                                             ,강북구우이령,,우이령정상,2,60,40
옥천암~홍은동극동아파트뒤                                                           ,옥천암,,홍은동극동아파트뒤,0.9,20,20
15.연화봉~비로봉                                                                    ,연화봉,천동삼거리,비로봉,4300,105,105
뱀사골 제1자연관찰로                                                                ,뱀사골힐링야영장,,뱀사골힐링야영장,1000,20,20
뱀사골 제2자연관찰로                                                                ,반선교,,요룡대,2000,40,30
구룡계곡 자연관찰로                                                                 ,육모정,,육모정,1500,35,25
원효교~꼬막재                                                                       ,원효교,,꼬막재,2,,
원효광장~장불재                                                                     ,원효광장,늦재삼거리,장불재,6,,
충장사~용추갈림길                                                                   ,충장사,동화사터,용추갈림길,5.5,,
늦재삼거리~토끼등                                                                   ,늦재삼거리,바람재,토끼등,1.9,1,
토끼등~중머리재                                                                     ,토끼등,봉황대,중머리재,1.7,,
증심교~동화사터갈림길                                                               ,증심교,토끼등,동화사터갈림길,2.2,,
망양마을~반송재(거제)                                                               ,망양마을,,반송재,1100,40,30
상의지구 자연관찰로                                                                 ,자하교,주왕암,학소대,1.2,25,20
주산지 자연관찰로                                                                   ,주산지 입구,주산지보,주산지전망대,1,30,20
1. 바라길1(학암포~구례포 북단)                                                      ,학암포해변,,구례포해변 북단,1567,20,20
2. 바라길2(구례포해변 남단~모재골                                                   ,구례포해변 남단,,모재골,2257,35,35
3. 소원길(태배~만리포해변)                                                          ,태배,,만리포해변,2883,45,45
4. 파도길1(모항항~행금이)                                                           ,모항항,,행금이,464,10,10
5. 파도길2(망미산~파도리해변)                                                       ,망미산,,파도리해변,623,10,10
7. 장고도1(대머리선착장~해수욕장)                                                   ,대머리선착장,,해수욕장,925,15,15
8. 장고도2(버섯산~염전저수지)                                                       ,버섯산,,염전저수지,860,15,15
9. 고대도(당너머해수욕장~고대방파제                                                 ,당너머해수욕장,,고대방파제,494,10,10
학암포 자연관찰로                                                                   ,학암포주차장화장실 맞은편,학암포습지,학암포해변 북부,700,15,15
몽산포 자연관찰로                                                                   ,몽산포야영장,,몽산포습지데크,700,10,10
탐방로(초암공원지킴터~초암사)                                                       ,초암공원지킴터,초암탐방지원센터,초암사,1930,50,30
24. 소막골야영장~구 가랑잎초교                                                      ,소막골야영장,,구 가랑잎초교,3110,,
만지마을~만지마을                                                                   ,만지마을,만지봉,만지마을,2500,,
가마솥골입구~자생식물원입구                                                         ,가마솥골입구,,자생식물원 입구,960,,
오색1교~관터                                                                        ,오색1교,,관터,1480,,
곰배령~진동리하산길                                                                 ,곰배령,,진동리하산길,900,,
탐방로(남대분교~늦은목이)                                                           ,늦은목이,,남대분교,3.18,90,90
목재교량                                                                            ,,,,,,
목재교량                                                                            ,진국교,진국교,진국교,,,
송추자연관찰로                                                                      ,송추계곡입구,,송추샘,1100,30,25
울대습지 자연관찰로                                                                 ,울대습지시점,,울대습지종점,500,15,15
정릉 자연관찰로                                                                     ,정릉 탐방지원센터상단150m,청수1교,정릉 탐방지원센터상단150m,700,15,10
증심지구 천변 자연관찰로                                                            ,,,,,,
송계지구무장애탐방로                                                                ,,,,1000,,
울산바위 일출쉼터                                                                   ,소공원,계조암,울산바위 정상,3800,120,90
죽령옛길 탐방로                                                                     ,용부사 ,죽령폭포,음지마을,2915,100,90
죽령옛길 탐방로                                                                     ,용부사,죽령폭포,음지마을,2915,100,90
백련사~오수자굴~중                                                                  ,,,,4,,
우이자연관찰로                                                                      ,소귀천공원지킴터,,소귀천탐방로,900,15,15
수유자연관찰로                                                                      ,아카데미탐방지원센터,가마터,이준열사묘입구,1500,25,25
무장애탐방로                                                                        ,,,,,,
총각샘 데크                                                                         ,,,,,,
총각샘 데크                                                                         ,,,,,,
비자~북암                                                                           ,비자,,북암,4800,240,210
6.관음사~염불사지                                                                   ,관음사,칠불암,염불사지,4000,150,150
횡간~사자바위                                                                       ,횡간,,사자바위,1300,40,40
물하태~임촌                                                                         ,물하태,,임촌,1500,40,40
울몰~석화포                                                                         ,울몰,,석화포,1500,50,40
안도해변~이야포                                                                     ,안도해수욕장,,이야포,3000,60,60
장촌~해안가                                                                         ,장촌,,해안가,700,30,30
팔영산종주                                                                          ,야영장,,남포미술관,7000,250,220
적취봉~야영장                                                                       ,적취봉,,야영장,3600,160,140
곡강~성주봉                                                                         ,곡강,,성주봉,2500,150,120
성기제~묘지                                                                         ,성기제,,묘지,2000,80,70
휴양림~헬기장                                                                       ,휴양림,,헬기장,900,30,30
휴양림~전망대                                                                       ,휴양림,,전망대,1000,40,40
휴양림~두류봉                                                                       ,휴양림,,두류봉,800,30,30
유영봉~아랫길                                                                       ,유영봉,,아랫길,1000,40,30
두류봉~탑재                                                                         ,두류봉,,탑재,300,20,15
우금암                                                                              ,개암사,우금암,만석동,5300,150,150
인장암                                                                              ,세봉,,인장암,1.2,40,40
만석동                                                                              ,만석동,,감불,3.8,150,150
마실길                                                                              ,고사포,반월,죽막,2.9,120,120
쇠뿔바위                                                                            ,어수대,쇠뿔바위,중계교부근,8000,240,250
늑도주차장~큰섬산                                                                   ,늑도주차장,,큰섬산,300,15,10
복곡제2주차장~쌍홍문                                                                ,복곡제2주차장,상사암,쌍홍문,2000,90,70
금산입구~금산입구(자연관찰로)                                                       ,금산입구,,금산입구,1000,30,20
두모계곡~이태조기단                                                                 ,두모계곡,부소암,이태조기단,2800,150,120
초양주차장~초양도                                                                   ,초양주차장,,초양도,439,5,5
이락사입구~첨망대                                                                   ,이락사입구,,첨망대,1100,30,30
노도마을~김만중유허지                                                               ,노도마을,,김만중유허지,1000,40,40
노량공원~남해대교                                                                   ,노량공원,,남해대교,1500,40,30
11.상위~묘봉치                                                                      ,상위,,묘봉치,1500,120,90
10.무넹기보~노고단고개                                                              ,무넹기보,노고단대피소,노고단고개,600,30,20
9.노루목~반야봉삼거리                                                               ,노루목,,반야봉삼거리,300,20,20
7.천은사입구~차나무밭                                                               ,천은사입구,천은사,차나무밭,1000,50,50
8.천은제입구~제방                                                                   ,천은제입구,천은사,제방,1200,50,50
18.버들받~소야                                                                      ,버들받,,소야,2500,70,40
상원사-두로령                                                                       ,상원사,비로봉,두로령,7700,240,240
북대사~상왕봉삼거리                                                                 ,북대사,,상왕봉삼거리,1100,30,30
상원사-중대                                                                         ,상원사,,중대,1300,30,30
운두령-노동계곡                                                                     ,운두령,계방산,노동계곡,6500,240,240
계방산-삼거리                                                                       ,계방산,,삼거리,1000,30,30
탐방로                                                                              ,구룡사,,대곡야영장,0.7,0,0
탐방로                                                                              ,수레너미,,한다리골,5.2,180,150
탐방로                                                                              ,슥새울입구,,슥새울,4.5,120,90
무릉교~치인교                                                                       ,무릉교,,치인교,4400,120,100
봉양리~법전리                                                                       ,봉양리,,법전리,6290,180,180
1.부처골~해목령                                                                     ,부처골,,해목령,2000,60,40
2.옥룡암~전망대                                                                     ,옥룡암,일천ㆍ마왕바위,전망대,2200,60,40
3.통일전~전망대                                                                     ,통일전,,전망대,1100,40,30
4.포석정~전망대                                                                     ,포석정,부흥사,전망대,2100,150,100
5.삼릉~금오봉                                                                       ,삼릉,상선암,금오봉,2100,80,60
7.틈수골~새갓골                                                                     ,틈수골,천룡사,새갓골,3700,150,150
8.상서장~절터갈림길                                                                 ,상서장,,절터갈림길,1000,30,30
9.이영재입구~이영재                                                                 ,이영재 입구,,이영재,700,30,30
10.국사골~지바위갈림길                                                              ,국사골,,지바위갈림길,1200,30,30
11.지바위골~팔각정터                                                                ,지바위골,,팔각정터,1300,30,30
12.당간지주~해목령                                                                  ,당간지주,,해목령,1200,40,30
12.삼불사~바둑바위                                                                  ,삼불사,,바둑바위,1400,50,40
14.약수골~금오봉                                                                    ,약수골,,금오봉,1500,60,40
15.용장골~남산진입도로                                                              ,용장골,용장사지,남산진입도로,1900,80,60
16.설잠교~백운재                                                                    ,설잠교,,백운재,1800,50,40
17.천우사~고위봉                                                                    ,천우사,이무기능선,고위봉,1700,60,40
18.와룡사~열반재                                                                    ,와룡사,천룡사지,열반재,1600,50,40
19.새갓골~이영재                                                                    ,새갓골,봉화대능선,이영재,3800,120,110
20.철와골~전망대                                                                    ,철와골,,전망대,600,30,20
21.불국사~보불로                                                                    ,불국사,토함산정상,보불로,10500,300,300
22.추령~토함산                                                                      ,추령,,토함산정상,3100,90,60
23.시부거리~토함산                                                                  ,시부거리,,토함산,1900,60,40
24.탑골~토함산                                                                      ,탑골,,토함산정상,2300,70,50
25.암곡~암곡                                                                        ,암곡,무장봉,암곡,8500,210,210
26.추원사~용연폭포                                                                  ,추원사,수랫재,용연폭포,3900,120,120
27.당고개~백석마을                                                                  ,당고개,단석산정상,백석마을,6500,200,180
28.신선사~단석산                                                                    ,신선사,,단석산정상,1700,60,40
29.OK수련원~단석산                                                                  ,OK수련원,,단석산정상,2000,60,50
30.천주암~단석산                                                                    ,천주암,,단석산정상,2000,120,100
31.용담주차장~용담주차장                                                            ,용담정주차장,구미산정상,용담정주차장,4800,150,150
32.굴불사지~다불마을                                                                ,굴불사지,소금강산,다불마을,1500,40,40
33.탈해왕릉~백률사                                                                  ,탈해왕릉,,백률사,1000,30,30
34.다불마을~금학산                                                                  ,다불마을,성지골약수터,금학산,1100,40,30
35.송화산입구~큰마을                                                                ,송화산입구,옥녀봉,큰마을,3000,100,100
36.경대교~송화산                                                                    ,경대교,,송화산,1200,30,30
37.여래사~송화산                                                                    ,여래사,,송화산,500,30,20
38.무열왕릉~월성중                                                                  ,무열왕릉,,월성중,2900,100,100
39.선원사~선도산                                                                    ,선원사,,선도산,1000,30,20
탐방로                                                                              ,효자동입구,,솔고개,2.5,30,30
주등산로                                                                            ,효자동입구,,솔고개,0,30,30
주등산로                                                                            ,우이암매표소,,원통사,2.05,30,30
주등산로                                                                            ,육모정매표소,,원통사,1.15,20,20
주등산로                                                                            ,육모정매표소,,육모정고개,1.15,20,20
주등산로                                                                            ,우이암,,우이깔딱고개,6,140,140
백운매표소~깔딱고개                                                                 ,백운매표소,,깔딱고개,1.9,20,20
주등산로                                                                            ,백운대매표소,"하루재,위문",백운대,2,30,30
주등산로                                                                            ,용암문매표소,,용암문,1.1,20,20
선운교~대동약수                                                                     ,선운교,옥류교-소귀천매표소,대동약수,2.5,30,30
주등산로                                                                            ,백련사매표소,진달래능선,대동문,2.7,35,35
주등산로                                                                            ,운가사매표소,,진달래능선,1.6,20,20
주등산로                                                                            ,아카데미매표소,구천폭포,대동문,1.9,3,3
주등산로                                                                            ,"위문,용암문","대동문,보국문,대성문,",대남문,4.3,60,60
주등산로                                                                            ,냉골매표소,,칼바위능선,1.25,20,20
주등산로                                                                            ,화계동매표소,,칼바위능선,1.25,20,20
주등산로                                                                            ,빨래골매표소,칼바위능선,산성주능선,3.35,50,50
주등산로                                                                            ,정릉매표소,,보국문,2.26,30,30
주등산로                                                                            ,청수폭포,일선사,대성문,2.69,35,35
주등산로                                                                            ,북악매표소,,형제봉삼거리,1.6,25,25
주등산로                                                                            ,형제봉매표소,형제봉,일선사,2.38,35,35
주등산로                                                                            ,평창1매표소,일선사-보현봉,대남문,3.77,90,90
주등산로                                                                            ,구기분소,,대남문,2.8,35,35
주등산로                                                                            ,비봉매표소,비봉능선-문수봉,대남문,3.77,45,45
주등산로                                                                            ,승가매표소,,비봉능선,1.61,20,20
주등산로                                                                            ,탕춘대매표소,,절터샘,1,15,15
주등산로                                                                            ,구기터널입구,,구기불광능선,1.8,15,15
주등산로                                                                            ,정진,,족두리봉,1.4,15,15
주등산로                                                                            ,불광계곡,,비봉,2.3,30,30
선림~향로봉밑갈림길                                                                 ,선림,,향로봉밑 갈림길,1.2,15,15
주등산로                                                                            ,기자촌,,향로봉,1.8,20,20
주등산로                                                                            ,진관계곡,,비봉,3.62,50,50
주등산로                                                                            ,삼천사계곡,,사모바위,1.5,10,10
삼천사계곡~문수봉                                                                   ,삼천사계곡,,문수봉,1.5,10,10
주등산로                                                                            ,삼천사계곡,,사모바위,2.7,30,30
삼천사계곡입구~부왕동암문                                                           ,삼천사계곡입구,삼천사,부왕동암문,3,60,60
백화사입구~가사당암문                                                               ,백화사입구,,가사당암문,2,25,25
용암사입구~문수봉                                                                   ,용암사입구,의상능선,문수봉,3.9,120,100
산성분소~보리사                                                                     ,산성분소,,보리사,1,10,10
법용사입구~가사당암문                                                               ,범용사입구,,가사당암문,1.6,15,15
행궁지입구~청수동암문                                                               ,행궁지입구,남장대지,청수동암문,1.7,20,20
북한산성계곡~위문                                                                   ,북한산성계곡,대서문,위문,4.1,60,60
밤골입구~밤골계곡                                                                   ,밤골입구,,밤골계곡,0.9,10,10
사기막골입구~백운대                                                                 ,사기막골입구,,백운대,3.3,55,55
태고사~북한산대피소                                                                 ,태고사,,북한산대피소,0.8,10,10
북한산성계곡~대남문                                                                 ,북한산성계곡,대성암,대남문,1.2,25,20
원도봉~포대능선                                                                     ,원도봉,다락능선,포대능선,2.6,35,30
우이분소밑~구복암위삼거리                                                           ,우이분소밑,,구복암위삼거리,8.6,230,210
불심원뒤~구기터널하단                                                               ,불심원뒤,,구기터널하단,2.7,40,30
수리봉계곡입구~정진사입구                                                           ,수리봉계곡 입구,,정진사입구,1.9,20,15
선림사~고양공원묘지입구                                                             ,선림사,,고양 공원묘지 입구,3.4,65,60
주등산로                                                                            ,구기계곡삼거리,,승가사,0.7,10,8
구기계곡삼거리~승가사                                                               ,구기계곡삼거리,,승가사,0.7,10,8
효자비~밤골능선삼거리                                                               ,효자비,,밤골능선삼거리,1.5,25,20
효자비~북문                                                                         ,효자비,,북문,2,25,20
삼천사하단~사모바위                                                                 ,삼천사하단,응봉능선,사모바위,2.8,40,30
대호아파트뒤~족두리봉                                                               ,대호아파트 뒤,,족두리봉,1,10,8
탕춘대매표소~구기터널                                                               ,탕춘대매표소,암문-녹번동,구기터널(배수지),2.4,30,25
독박골~족두리봉밑갈림길                                                             ,독박골,,족두리봉 밑 갈림길,1.3,25,20
혜원삼거리~구기분소                                                                 ,혜원삼거리,,구기분소,1.2,25,20
6.전북학생교육원~세동치                                                             ,전북학생교육원,,세동치,1800,50,40
7.부운마을~부운치1                                                                  ,부운마을,,부운치1,3000,90,70
8.팔랑마을~팔랑치                                                                   ,팔랑마을,,팔랑치,2000,60,40
9.산덕임도~부운치2                                                                  ,산덕임도,,부운치2,600,30,20
신풍령~횡경재                                                                       ,신풍령,,횡경재,7800,240,240
탐방로(당골~유석사)                                                                 ,당골,,유석사,3.2,0,0
탐방로(희방역~희방3주차장)                                                          ,희방역,,희방3주차장,1.5,0,0
노고단고개~천왕봉(삼도봉삼거리~연하천                                               ,삼도봉삼거리,,연하천,5000,240,240
비봉매표소~대남문                                                                   ,비봉매표소,비봉능선,대남문,3.77,70,60
탐방로                                                                              ,혜원사삼거리,,구기분소,1.2,40,40
장성새재-상왕봉                                                                     ,장성새재,순창새재,상왕봉,4000,3,2
구암사입구~백양계곡                                                                 ,구암사,,백양계곡,900,40,35
송곡                                                                                ,신지대교휴게소,,명사갯길,560,30,30
두모리                                                                              ,직포,,학동,2590,90,90
우학리                                                                              ,학동,,심포,2130,60,60
심장리                                                                              ,심포,,장지,1460,60,60
120801-0301-0014                                                                    ,안국사,,남문지,0.8,40,30
탐방로                                                                              ,안국사,,남문지,0.8,40,30
탐방로                                                                              ,안국사,,남문지,0.8,40,30
안국사~남문지                                                                       ,안국사,,남문지,800,40,30
월곡~차면                                                                           ,월곡,,차면,3000,60,40
장불재~신선대억새평전                                                               ,장불재,천왕봉,신선대억새평전,3.5,0,0
너릿재~장불재                                                                       ,너릿재,수만탐방지원센터,장불재,7.3,0,0
교리제~선정암                                                                       ,교리제,교골,선정암,2.2,0,0
너릿재~장불재                                                                       ,너릿재,수만탐방지원센터,장불재,7.3,0,0
교리터널~수레바위                                                                   ,교리터널,,수레바위,2.7,0,0
오감연결길~배등골                                                                   ,오감연결길,,배등골,0.8,0,0
만연주차장~만연산갈림길                                                             ,만연주차장,,만연산갈림길,2.6,0,0
만연산고개~만연산갈림길                                                             ,만연산고개,만연산,만연산갈림길,1,0,0
수만탐방지원센터~중머리재                                                           ,수만탐방지원센터,용추폭포입구,중머리재,2,0,0
들국화갈림길~안양산갈림길                                                           ,들국화갈림길,,안양산갈림길,0.2,0,0
들국화마을~백마능선                                                                 ,들국화마을,,백마능선,1.2,0,0
안양산휴양림~장불재갈림길                                                           ,안양산휴양림,낙타봉,장불재갈림길,4.3,0,0
도원마을~장불재쉼터                                                                 ,도원마을,도원계곡,장불재쉼터,3.2,0,0
영평~석불암                                                                         ,영평,,석불암,2.4,0,0
영평~시무지기갈림길                                                                 ,영평,,시무지기갈림길,2.2,0,0
용강마을~시무지기폭포                                                               ,용강마을,입석교,시무지기폭포,1.3,0,0
무동제~신선대갈림길                                                                 ,무동제,,신선대갈림길,2.5,0,0
경상제~무동마을                                                                     ,경상제,,무동마을,0.8,0,0
유둔재~신선대억새평전                                                               ,유둔재,,신선대억새평전,6.4,0,0
사봉실~상로봉갈림길                                                                 ,사봉실,,상로봉갈림길,0.8,0,0
평내촌~사봉실                                                                       ,평내촌,,사봉실,1.4,0,0
정곡~북산                                                                           ,정곡,,북산,2.5,0,0
함충제~신선대갈림길                                                                 ,함충제,,신선대갈림길,5.6,0,0
도원야영장~마당바위                                                                 ,도원야영장,,마당바위,1.1,0,0
도원마을~영평갈림길                                                                 ,도원마을,,영평갈림길,1,0,0
독수정~새터                                                                         ,독수정,,새터,1.3,0,0
내소사 무장애탐방로                                                                 ,내소사탐방지원센터,일주문,내소사 대웅보전,1,20,20
장도 탐방로                                                                         ,장도,,안골,1,40,30
장도탐방로                                                                          ,장도,,안골,1,40,40
장도 탐방로                                                                         ,장도,,안골,1,0,0
장도탐방로                                                                          ,장도,,안골,1,0,0
장도탐방로                                                                          ,장도마을,,안골,1,30,0
장도탐방로                                                                          ,장도마을,,큰골,0.7,30,0
대원사 자연관찰로                                                                   ,대원교,,숯가마터,1000,60,60
세석 자연관찰로                                                                     ,세성평전,,촛대봉,1500,0,0
중산리 자연관찰로                                                                   ,중산리탐방안내소,,자연관찰로,1500,0,0
불일폭포 자연관찰로                                                                 ,쌍계사,,불일폭포,2500,60,60
가내소 자연관찰로                                                                   ,백무동야영장,,가내소,2700,60,60
원효교-꼬막재                                                                       ,원효교,,꼬막재,2,,
원효광장-장불재                                                                     ,원효광장,늦재갈림길,장불재,6,,
충장사-용추갈림길                                                                   ,충장사,동화사터,용추갈림길,5.5,0,0
늦재갈림길-토끼등                                                                   ,늦재갈림길,바람재,토끼등,1.9,0,0
토끼등-중머리재                                                                     ,토끼등,봉황대,중머리재,1.7,0,0
증심교-동화사터갈림길                                                               ,증심교,토끼등,동화사터갈림길,2.2,0,0
증심교-장불재                                                                       ,증심교,중머리재,장불재,4.2,0,0
의재미술관-새인봉갈림길                                                             ,의재미술관,약사사,새인봉갈림길,1.2,0,0
당산나무-봉황대                                                                     ,당산나무,천제단갈림길,봉황대,0.8,0,0
증심사-봉황대                                                                       ,증심사,,봉황대,1,0,0
증심사상가-중머리재                                                                 ,증심사상가,새인봉,중머리재,3.6,0,0
증심교-바람재                                                                       ,증심교,덕산골입구,바람재,1.7,0,0
장원봉-전망대                                                                       ,장원봉,바람재,전망대,4.9,0,0
중머리재-목교                                                                       ,중머리재,중봉,목교,1.6,0,0
제1수원지-가운데등갈림길                                                            ,제1수원지,,가운데등갈림길,0.7,0,0
북당골-큰골갈림길                                                                   ,북당골,,큰골갈림길,0.8,0,0
등촌마을-금곡마을                                                                   ,등촌마을,,금곡마을,3,0,0
잣고개-원효광장                                                                     ,잣고개,,원효광장,7.1,0,0
원효광장-서석대                                                                     ,원효광장,제철유적지,서석대,4,0,0
장원봉-풍암제                                                                       ,장원봉,,풍암제,6.8,0,0
풍암탐방지원센터-제철유적지                                                         ,풍암탐방지원센터,,제철유적지,3,0,0
수락골-샛골                                                                         ,수락골,,샛골,0.9,0,0
각화제-잣고개                                                                       ,각화제,군왕봉,잣고개,3.3,0,0
수락골기점-군왕봉                                                                   ,수락골기점,,군왕봉,1.7,0,0
지산동-충민사                                                                       ,지산동,평두메골,충민사,2,0,0
소태동-마집봉                                                                       ,소태동,자주등,마집봉,3.5,0,0
고래실골-서인봉                                                                     ,고래실골,,서인봉,3.9,0,0
제2수원지-용추폭포갈림길                                                            ,제2수원지,용추계곡,용추폭포갈림길,3.4,0,0
용연마을-곰저골                                                                     ,용연마을,,곰저골,2.2,0,0
소태제-마집봉갈림길                                                                 ,소태제,,마집봉갈림길,1,0,0
평촌마을-평촌마을갈림길                                                             ,평촌마을,,평촌마을갈림길,1.5,0,0
풍암주차장-광일목장                                                                 ,풍암주차장,,광일목장,2.1,0,0
동화사터상단-중봉                                                                   ,동화사터상단,,중봉,0.9,0,0
늦재갈림길-백운암터                                                                 ,늦재갈림길,,백운암터,2.4,0,0
제1수원지-장군봉갈림길                                                              ,제1수원지,,장군봉갈림길,1.4,0,0
동적골-새인봉갈림길                                                                 ,동적골,,새인봉갈림길,2.4,0,0
선주암갈림길-서인봉갈림길                                                           ,선주암갈림길,,서인봉갈림길,0.8,0,0
소태터널-매봉갈림길                                                                 ,소태터널,,매봉갈림길,2.3,0,0
쌍곡-탐방로(운교리~갈론계곡)                                                        ,운교리,,갈론계곡,2800,60,60
쌍곡-탐방로(상촌~옥녀봉)                                                            ,상촌,,옥녀봉,600,30,30
정도리자연관찰로                                                                    ,구계등탐방지원센터,정도리숲길,할머니당,1500,30,30
거문도자연관찰로                                                                    ,삼거리,거문도목넘어,거문도등대,1500,60,30
탐방로(반선~화개)                                                                   ,반선,,화개,0,1,1
내도선착장~연인길삼거리(내도)                                                       ,내도선착장,,연인길삼거리,900,40,30
월령대~대야산~월령대                                                                ,월령대,대야산,월령대,4800,3,3
상원 자연관찰로                                                                     ,상원사주차장,,상원사,1.9,0,0
상원 자연관찰로                                                                     ,상원사주차장,,상원사,0,0,0
남천 자연관찰로                                                                     ,오토캠핌장 끝,,풀옵션야영장 건너편,0.6,15,15
죽령 태양계 자연관찰로                                                              ,죽령휴게소,죽령탐방지원센터,연화봉,7,150,120
연화봉 자연관찰로                                                                   ,연화봉화장실,연화봉,연화봉화장실,0.6,15,15
천동 자연관찰로                                                                     ,백자골 입구,,화전민터,0.8,15,10
어의곡 자연관찰로                                                                   ,어의곡탐방지원센터,,어의곡전망대,0.6,10,10
생물종보전원 남부센터 탐방데크                                                      ,생물종보전원 본원 건물 뒷편,,생태학습장 상단,50,5,5
